-- Leader_Ellis
-- Author: wldcmzy
-- DateCreated: 2/25/2024 1:04:15 AM
--------------------------------------------------------------
INSERT INTO Types	
(Type,															Kind)
VALUES
('LEADER_STELLARIS_ELLIS_5',									'KIND_LEADER'),
('TRAIT_LEADER_STELLARIS_ELLIS_5',								'KIND_TRAIT'),
('MODIFIER_TRAIT_LEADER_STELLARIS_ELLIS_5_CAPITAL_CITY_YIELD',	'KIND_MODIFIER'),
('PROJECT_YYWHZGTZM',											'KIND_PROJECT');

INSERT INTO DynamicModifiers 
(ModifierType,														CollectionType,						EffectType) 
VALUES 
('MODIFIER_TRAIT_LEADER_STELLARIS_ELLIS_5_CAPITAL_CITY_YIELD',		'COLLECTION_PLAYER_CAPITAL_CITY',	'EFFECT_ADJUST_CITY_YIELD_MODIFIER');

INSERT INTO Traits				
(TraitType,									Name,										Description)
VALUES
('TRAIT_LEADER_STELLARIS_ELLIS_5',			'LOC_TRAIT_LEADER_STELLARIS_ELLIS_5_NAME',	'LOC_TRAIT_LEADER_STELLARIS_ELLIS_5_DESCRIPTION');

INSERT INTO Leaders			
(LeaderType,						Name,									InheritFrom,		SceneLayers)
VALUES
('LEADER_STELLARIS_ELLIS_5',		'LOC_LEADER_STELLARIS_ELLIS_5_NAME',	'LEADER_DEFAULT',	'4');

INSERT INTO LeaderTraits	
(LeaderType,					TraitType)
VALUES
('LEADER_STELLARIS_ELLIS_5',	'TRAIT_LEADER_STELLARIS_ELLIS_5');

INSERT INTO LeaderQuotes
(LeaderType,					Quote)
VALUES
('LEADER_STELLARIS_ELLIS_5',	'LOC_PEDIA_LEADERS_PAGE_LEADER_STELLARIS_ELLIS_5_QUOTE');



INSERT INTO Projects
(ProjectType,					Name,									ShortName,								Description,							Cost,		CostProgressionModel,				CostProgressionParam1,	MaxPlayerInstances,		WMD,	UnlocksFromEffect) 
VALUES
('PROJECT_YYWHZGTZM',			'LOC_PROJECT_YYWHZGTZM_NAME',			'LOC_PROJECT_YYWHZGTZM_SHORT_NAME',		'LOC_PROJECT_YYWHZGTZM_DESCRIPTION',	'500',		'COST_PROGRESSION_GAME_PROGRESS',	'200',					NULL,					'1',	'1');


INSERT INTO ProjectCompletionModifiers 
(ProjectType,				ModifierId) 
VALUES 
('PROJECT_YYWHZGTZM',		'MODIFIER_PROJECT_YYWHZGTZM');




INSERT INTO TraitModifiers 
(TraitType,								ModifierId) 
VALUES 
('TRAIT_LEADER_STELLARIS_ELLIS_5',		'MODIFIER_TRAIT_LEADER_STELLARIS_ELLIS_5_CITY_BUFF_CAPITAL'),
('TRAIT_LEADER_STELLARIS_ELLIS_5',		'MODIFIER_TRAIT_LEADER_STELLARIS_ELLIS_5_CITY_BUFF'),
('TRAIT_LEADER_STELLARIS_ELLIS_5',		'MODIFIER_TRAIT_LEADER_STELLARIS_ELLIS_5_CITY_DEBUFF'),
('TRAIT_LEADER_STELLARIS_ELLIS_5',		'MODIFIER_TRAIT_LEADER_STELLARIS_ELLIS_5_POPULATION_0_FOOD'),
('TRAIT_LEADER_STELLARIS_ELLIS_5',		'MODIFIER_TRAIT_LEADER_STELLARIS_ELLIS_5_POPULATION_0_PRODUCTION'),
('TRAIT_LEADER_STELLARIS_ELLIS_5',		'MODIFIER_TRAIT_LEADER_STELLARIS_ELLIS_5_POPULATION_7_GOLD'),
('TRAIT_LEADER_STELLARIS_ELLIS_5',		'MODIFIER_TRAIT_LEADER_STELLARIS_ELLIS_5_POPULATION_14_SCIENCE'),
('TRAIT_LEADER_STELLARIS_ELLIS_5',		'MODIFIER_TRAIT_LEADER_STELLARIS_ELLIS_5_POPULATION_14_CULTURE'),
('TRAIT_LEADER_STELLARIS_ELLIS_5',		'MODIFIER_TRAIT_LEADER_STELLARIS_ELLIS_5_POPULATION_21_FOOD'),
('TRAIT_LEADER_STELLARIS_ELLIS_5',		'MODIFIER_TRAIT_LEADER_STELLARIS_ELLIS_5_POPULATION_21_PRODUCTION'),
('TRAIT_LEADER_STELLARIS_ELLIS_5',		'MODIFIER_TRAIT_LEADER_STELLARIS_ELLIS_5_POPULATION_21_GOLD'),
('TRAIT_LEADER_STELLARIS_ELLIS_5',		'MODIFIER_TRAIT_LEADER_STELLARIS_ELLIS_5_POPULATION_21_SCIENCE'),
('TRAIT_LEADER_STELLARIS_ELLIS_5',		'MODIFIER_TRAIT_LEADER_STELLARIS_ELLIS_5_POPULATION_21_CULTURE'),
('TRAIT_LEADER_STELLARIS_ELLIS_5',		'MODIFIER_TRAIT_LEADER_STELLARIS_ELLIS_5_INF_HOUSING'),
('TRAIT_LEADER_STELLARIS_ELLIS_5',		'MODIFIER_TRAIT_LEADER_STELLARIS_ELLIS_5_MORE_GROWTH_1'),
('TRAIT_LEADER_STELLARIS_ELLIS_5',		'MODIFIER_TRAIT_LEADER_STELLARIS_ELLIS_5_MORE_GROWTH_2'),
('TRAIT_LEADER_STELLARIS_ELLIS_5',		'MODIFIER_TRAIT_LEADER_STELLARIS_ELLIS_5_MORE_GROWTH_3'),
('TRAIT_LEADER_STELLARIS_ELLIS_5',		'MODIFIER_TRAIT_LEADER_STELLARIS_ELLIS_5PROJECT_YYWHZGTZM'),
('TRAIT_LEADER_MAJOR_CIV',				'MODIFIER_TRAIT_LEADER_MAJOR_CIV_LIKE_MITRIX');




INSERT INTO Modifiers 
(ModifierId,															ModifierType,																RunOnce,	Permanent,	NewOnly,	OwnerRequirementSetId,		SubjectRequirementSetId) 
VALUES
('MODIFIER_TRAIT_LEADER_STELLARIS_ELLIS_5_CITY_BUFF_CAPITAL',			'MODIFIER_TRAIT_LEADER_STELLARIS_ELLIS_5_CAPITAL_CITY_YIELD',				0,			0,			0,			NULL,						NULL),
('MODIFIER_TRAIT_LEADER_STELLARIS_ELLIS_5_CITY_BUFF',					'MODIFIER_PLAYER_CITIES_ADJUST_CITY_YIELD_MODIFIER_GRANCOLOMBIA_MAYA',		0,			0,			0,			NULL,						'OBJECT_IS_6_TILES_FROM_CAPITAL_NOT_CAPITAL_REQUIREMENTS'),
('MODIFIER_TRAIT_LEADER_STELLARIS_ELLIS_5_CITY_DEBUFF',					'MODIFIER_PLAYER_CITIES_ADJUST_CITY_YIELD_MODIFIER_GRANCOLOMBIA_MAYA',		0,			0,			0,			NULL,						'OBJECT_IS_7_OR_MORE_TILES_FROM_CAPITAL_REQUIREMENTS'),
('MODIFIER_TRAIT_LEADER_STELLARIS_ELLIS_5_POPULATION_0_FOOD',			'MODIFIER_PLAYER_CITIES_ADJUST_CITY_YIELD_PER_POPULATION',					0,			0,			0,			NULL,						NULL),
('MODIFIER_TRAIT_LEADER_STELLARIS_ELLIS_5_POPULATION_0_PRODUCTION',		'MODIFIER_PLAYER_CITIES_ADJUST_CITY_YIELD_PER_POPULATION',					0,			0,			0,			NULL,						NULL),
('MODIFIER_TRAIT_LEADER_STELLARIS_ELLIS_5_POPULATION_7_GOLD',			'MODIFIER_PLAYER_CITIES_ADJUST_CITY_YIELD_PER_POPULATION',					0,			0,			0,			NULL,						'REQSET_STELLARIS_STADIUM_7_POPULATION_REQUIREMENTS'),
('MODIFIER_TRAIT_LEADER_STELLARIS_ELLIS_5_POPULATION_14_SCIENCE',		'MODIFIER_PLAYER_CITIES_ADJUST_CITY_YIELD_PER_POPULATION',					0,			0,			0,			NULL,						'REQSET_STELLARIS_STADIUM_14_POPULATION_REQUIREMENTS'),
('MODIFIER_TRAIT_LEADER_STELLARIS_ELLIS_5_POPULATION_14_CULTURE',		'MODIFIER_PLAYER_CITIES_ADJUST_CITY_YIELD_PER_POPULATION',					0,			0,			0,			NULL,						'REQSET_STELLARIS_STADIUM_14_POPULATION_REQUIREMENTS'),
('MODIFIER_TRAIT_LEADER_STELLARIS_ELLIS_5_POPULATION_21_FOOD',			'MODIFIER_PLAYER_CITIES_ADJUST_CITY_YIELD_PER_POPULATION',					0,			0,			0,			NULL,						'REQSET_STELLARIS_STADIUM_21_POPULATION_REQUIREMENTS'),
('MODIFIER_TRAIT_LEADER_STELLARIS_ELLIS_5_POPULATION_21_PRODUCTION',	'MODIFIER_PLAYER_CITIES_ADJUST_CITY_YIELD_PER_POPULATION',					0,			0,			0,			NULL,						'REQSET_STELLARIS_STADIUM_21_POPULATION_REQUIREMENTS'),
('MODIFIER_TRAIT_LEADER_STELLARIS_ELLIS_5_POPULATION_21_GOLD',			'MODIFIER_PLAYER_CITIES_ADJUST_CITY_YIELD_PER_POPULATION',					0,			0,			0,			NULL,						'REQSET_STELLARIS_STADIUM_21_POPULATION_REQUIREMENTS'),
('MODIFIER_TRAIT_LEADER_STELLARIS_ELLIS_5_POPULATION_21_SCIENCE',		'MODIFIER_PLAYER_CITIES_ADJUST_CITY_YIELD_PER_POPULATION',					0,			0,			0,			NULL,						'REQSET_STELLARIS_STADIUM_21_POPULATION_REQUIREMENTS'),
('MODIFIER_TRAIT_LEADER_STELLARIS_ELLIS_5_POPULATION_21_CULTURE',		'MODIFIER_PLAYER_CITIES_ADJUST_CITY_YIELD_PER_POPULATION',					0,			0,			0,			NULL,						'REQSET_STELLARIS_STADIUM_21_POPULATION_REQUIREMENTS'),
('MODIFIER_TRAIT_LEADER_STELLARIS_ELLIS_5_INF_HOUSING',					'MODIFIER_PLAYER_CITIES_ADJUST_BUILDING_HOUSING',							0,			0,			0,			NULL,						NULL),
('MODIFIER_TRAIT_LEADER_STELLARIS_ELLIS_5_MORE_GROWTH_1',				'MODIFIER_PLAYER_CITIES_ADJUST_CITY_GROWTH',								0,			0,			0,			NULL,						NULL),
('MODIFIER_TRAIT_LEADER_STELLARIS_ELLIS_5_MORE_GROWTH_2',				'MODIFIER_PLAYER_CITIES_ADJUST_CITY_GROWTH',								0,			0,			0,			NULL,						'REQSET_STELLARIS_CITY_HAS_INDUSTRIAL_ZONE'),
('MODIFIER_TRAIT_LEADER_STELLARIS_ELLIS_5_MORE_GROWTH_3',				'MODIFIER_PLAYER_CITIES_ADJUST_CITY_GROWTH',								0,			0,			0,			NULL,						'REQSET_STELLARIS_CITY_HAS_FACTORY'),
('MODIFIER_PROJECT_YYWHZGTZM',											'MODIFIER_SINGLE_CITY_ADJUST_CITY_AMENITIES_FROM_GREAT_PEOPLE',				0,			0,			0,			NULL,						NULL),
('MODIFIER_TRAIT_LEADER_STELLARIS_ELLIS_5PROJECT_YYWHZGTZM',			'MODIFIER_PLAYER_ALLOW_PROJECT_CHINA',										0,			0,			0,			NULL,						NULL),
('MODIFIER_TRAIT_LEADER_MAJOR_CIV_LIKE_MITRIX',							'MODIFIER_PLAYER_DIPLOMACY_SIMPLE_MODIFIER',								0,			0,			0,			NULL,						'REQSET_IS_LEADER_STELLARIS_ELLIS_5');


INSERT INTO ModifierArguments 
(ModifierId,															Name,			Value) 
VALUES 
('MODIFIER_TRAIT_LEADER_STELLARIS_ELLIS_5_CITY_BUFF_CAPITAL',			'Amount',		'5, 5, 5, 5, 5, 5'), 
('MODIFIER_TRAIT_LEADER_STELLARIS_ELLIS_5_CITY_BUFF_CAPITAL',			'YieldType',	'YIELD_PRODUCTION, YIELD_FOOD, YIELD_SCIENCE, YIELD_CULTURE, YIELD_GOLD, YIELD_FAITH'),
('MODIFIER_TRAIT_LEADER_STELLARIS_ELLIS_5_CITY_BUFF',					'Amount',		'5, 5, 5, 5, 5, 5'), 
('MODIFIER_TRAIT_LEADER_STELLARIS_ELLIS_5_CITY_BUFF',					'YieldType',	'YIELD_PRODUCTION, YIELD_FOOD, YIELD_SCIENCE, YIELD_CULTURE, YIELD_GOLD, YIELD_FAITH'),
('MODIFIER_TRAIT_LEADER_STELLARIS_ELLIS_5_CITY_DEBUFF',					'Amount',		'-80, -80, -80, -80, -80, -80'), 
('MODIFIER_TRAIT_LEADER_STELLARIS_ELLIS_5_CITY_DEBUFF',					'YieldType',	'YIELD_PRODUCTION, YIELD_FOOD, YIELD_SCIENCE, YIELD_CULTURE, YIELD_GOLD, YIELD_FAITH'),
('MODIFIER_TRAIT_LEADER_STELLARIS_ELLIS_5_POPULATION_0_FOOD',			'Amount',		'0'),
('MODIFIER_TRAIT_LEADER_STELLARIS_ELLIS_5_POPULATION_0_FOOD',			'YieldType',	'YIELD_FOOD'),
('MODIFIER_TRAIT_LEADER_STELLARIS_ELLIS_5_POPULATION_0_PRODUCTION',		'Amount',		'1'), 
('MODIFIER_TRAIT_LEADER_STELLARIS_ELLIS_5_POPULATION_0_PRODUCTION',		'YieldType',	'YIELD_PRODUCTION'),
('MODIFIER_TRAIT_LEADER_STELLARIS_ELLIS_5_POPULATION_7_GOLD',			'Amount',		'1'), 
('MODIFIER_TRAIT_LEADER_STELLARIS_ELLIS_5_POPULATION_7_GOLD',			'YieldType',	'YIELD_GOLD'),
('MODIFIER_TRAIT_LEADER_STELLARIS_ELLIS_5_POPULATION_14_SCIENCE',		'Amount',		'1'), 
('MODIFIER_TRAIT_LEADER_STELLARIS_ELLIS_5_POPULATION_14_SCIENCE',		'YieldType',	'YIELD_SCIENCE'),
('MODIFIER_TRAIT_LEADER_STELLARIS_ELLIS_5_POPULATION_14_CULTURE',		'Amount',		'1'), 
('MODIFIER_TRAIT_LEADER_STELLARIS_ELLIS_5_POPULATION_14_CULTURE',		'YieldType',	'YIELD_CULTURE'),
('MODIFIER_TRAIT_LEADER_STELLARIS_ELLIS_5_POPULATION_21_FOOD',			'Amount',		'1'), 
('MODIFIER_TRAIT_LEADER_STELLARIS_ELLIS_5_POPULATION_21_FOOD',			'YieldType',	'YIELD_FOOD'),
('MODIFIER_TRAIT_LEADER_STELLARIS_ELLIS_5_POPULATION_21_PRODUCTION',	'Amount',		'0'), 
('MODIFIER_TRAIT_LEADER_STELLARIS_ELLIS_5_POPULATION_21_PRODUCTION',	'YieldType',	'YIELD_PRODUCTION'),
('MODIFIER_TRAIT_LEADER_STELLARIS_ELLIS_5_POPULATION_21_GOLD',			'Amount',		'0'), 
('MODIFIER_TRAIT_LEADER_STELLARIS_ELLIS_5_POPULATION_21_GOLD',			'YieldType',	'YIELD_GOLD'),
('MODIFIER_TRAIT_LEADER_STELLARIS_ELLIS_5_POPULATION_21_SCIENCE',		'Amount',		'0'), 
('MODIFIER_TRAIT_LEADER_STELLARIS_ELLIS_5_POPULATION_21_SCIENCE',		'YieldType',	'YIELD_SCIENCE'),
('MODIFIER_TRAIT_LEADER_STELLARIS_ELLIS_5_POPULATION_21_CULTURE',		'Amount',		'0'), 
('MODIFIER_TRAIT_LEADER_STELLARIS_ELLIS_5_POPULATION_21_CULTURE',		'YieldType',	'YIELD_CULTURE'),
('MODIFIER_TRAIT_LEADER_STELLARIS_ELLIS_5_INF_HOUSING',					'Amount',		'2000'),
('MODIFIER_TRAIT_LEADER_STELLARIS_ELLIS_5_MORE_GROWTH_1',				'Amount',		'10'),
('MODIFIER_TRAIT_LEADER_STELLARIS_ELLIS_5_MORE_GROWTH_2',				'Amount',		'15'),
('MODIFIER_TRAIT_LEADER_STELLARIS_ELLIS_5_MORE_GROWTH_3',				'Amount',		'20'),
('MODIFIER_PROJECT_YYWHZGTZM',											'Amount',		'3'),
('MODIFIER_TRAIT_LEADER_STELLARIS_ELLIS_5PROJECT_YYWHZGTZM',			'ProjectType',	'PROJECT_YYWHZGTZM'),
('MODIFIER_TRAIT_LEADER_MAJOR_CIV_LIKE_MITRIX',							'InitialValue', '15'), 
('MODIFIER_TRAIT_LEADER_MAJOR_CIV_LIKE_MITRIX',							'SimpleModifierDescription',	'MODIFIER_TRAIT_LEADER_MAJOR_CIV_LIKE_MITRIX_DES'), 
('MODIFIER_TRAIT_LEADER_MAJOR_CIV_LIKE_MITRIX',							'StatementKey',					'MODIFIER_TRAIT_LEADER_MAJOR_CIV_LIKE_MITRIX_KEY');




INSERT INTO RequirementSets	
(RequirementSetId,											RequirementSetType) 
VALUES 
('REQSET_STELLARIS_STADIUM_7_POPULATION_REQUIREMENTS',		'REQUIREMENTSET_TEST_ALL'),
('REQSET_STELLARIS_STADIUM_14_POPULATION_REQUIREMENTS',		'REQUIREMENTSET_TEST_ALL'),
('REQSET_STELLARIS_STADIUM_21_POPULATION_REQUIREMENTS',		'REQUIREMENTSET_TEST_ALL'),
('REQSET_STELLARIS_CITY_HAS_INDUSTRIAL_ZONE',				'REQUIREMENTSET_TEST_ALL'),
('REQSET_STELLARIS_CITY_HAS_FACTORY',						'REQUIREMENTSET_TEST_ALL'),
('REQSET_IS_LEADER_STELLARIS_ELLIS_5',						'REQUIREMENTSET_TEST_ALL');



INSERT INTO RequirementSetRequirements 
(RequirementSetId,											RequirementId) 
VALUES 
('REQSET_STELLARIS_STADIUM_7_POPULATION_REQUIREMENTS',		'REQ_STELLARIS_REQUIRES_POPULATION_7'),
('REQSET_STELLARIS_STADIUM_14_POPULATION_REQUIREMENTS',		'REQ_STELLARIS_REQUIRES_POPULATION_14'),
('REQSET_STELLARIS_STADIUM_21_POPULATION_REQUIREMENTS',		'REQ_STELLARIS_REQUIRES_POPULATION_21'),
('REQSET_STELLARIS_CITY_HAS_INDUSTRIAL_ZONE',				'REQ_STELLARIS_REQUIRES_CITY_HAS_INDUSTRIAL_ZONE'),
('REQSET_STELLARIS_CITY_HAS_FACTORY',						'REQ_STELLARIS_REQUIRES_CITY_HAS_FACTORY'),
('REQSET_IS_LEADER_STELLARIS_ELLIS_5',						'REQ_IS_LEADER_STELLARIS_ELLIS_5');





INSERT INTO Requirements 
(RequirementId,										RequirementType) 
VALUES 
('REQ_STELLARIS_REQUIRES_POPULATION_7',				'REQUIREMENT_CITY_HAS_X_POPULATION'),
('REQ_STELLARIS_REQUIRES_POPULATION_14',			'REQUIREMENT_CITY_HAS_X_POPULATION'),
('REQ_STELLARIS_REQUIRES_POPULATION_21',			'REQUIREMENT_CITY_HAS_X_POPULATION'),
('REQ_STELLARIS_REQUIRES_CITY_HAS_INDUSTRIAL_ZONE', 'REQUIREMENT_CITY_HAS_DISTRICT'),
('REQ_STELLARIS_REQUIRES_CITY_HAS_FACTORY',			'REQUIREMENT_CITY_HAS_BUILDING'),
('REQ_IS_LEADER_STELLARIS_ELLIS_5',					'REQUIREMENT_PLAYER_LEADER_TYPE_MATCHES');





INSERT INTO RequirementArguments 
(RequirementId,											Name,			Value) 
VALUES 
('REQ_STELLARIS_REQUIRES_POPULATION_7',					'Amount',		'7'),
('REQ_STELLARIS_REQUIRES_POPULATION_14',				'Amount',		'14'),
('REQ_STELLARIS_REQUIRES_POPULATION_21',				'Amount',		'21'),
('REQ_STELLARIS_REQUIRES_CITY_HAS_INDUSTRIAL_ZONE',		'DistrictType', 'DISTRICT_INDUSTRIAL_ZONE'),
('REQ_STELLARIS_REQUIRES_CITY_HAS_FACTORY',				'BuildingType', 'BUILDING_FACTORY'),
('REQ_IS_LEADER_STELLARIS_ELLIS_5',						'LeaderType',	'LEADER_STELLARIS_ELLIS_5');





INSERT INTO Modifiers (ModifierId, ModifierType, RunOnce, Permanent, NewOnly, OwnerRequirementSetId, SubjectRequirementSetId) VALUES 
('MODIFIER_TRAIT_LEADER_STELLARIS_ELLIS_5_AI_BUFF', 'MODIFIERTYPE_PLAYER_CITY_ADJUST_CITY_YIELD_STELLARIS', 0, 0, 0, NULL, NULL);

INSERT INTO ModifierArguments (ModifierId, Name, Value) VALUES 
('MODIFIER_TRAIT_LEADER_STELLARIS_ELLIS_5_AI_BUFF', 'Amount', '18'), 
('MODIFIER_TRAIT_LEADER_STELLARIS_ELLIS_5_AI_BUFF', 'YieldType', 'YIELD_FOOD');