-- Leader_Witch
-- Author: wldcmzy
-- DateCreated: 2/25/2024 1:04:43 AM
--------------------------------------------------------------
INSERT INTO Types	
(Type,													Kind)
VALUES
('LEADER_STELLARIS_WITCH_6',							'KIND_LEADER'),
('TRAIT_LEADER_STELLARIS_WITCH_6',						'KIND_TRAIT'),
('ABILITY_LEADER_STELLARIS_WITCH_6_EXTRA_MOVEMENT',		'KIND_ABILITY'),
('ABILITY_LEADER_STELLARIS_WITCH_6_EXTRA_STRENGTH',		'KIND_ABILITY'),
('MODIFIERTYPE_STELLARIS_WITCH_6_ADJUST_CITY_PRESSURE', 'KIND_MODIFIER');

INSERT INTO DynamicModifiers 
(ModifierType,												CollectionType,					EffectType) 
VALUES 
('MODIFIERTYPE_STELLARIS_WITCH_6_ADJUST_CITY_PRESSURE',		'COLLECTION_PLAYER_CITIES',		'EFFECT_ADJUST_CITY_IDENTITY_PRESSURE');

INSERT INTO TypeTags
(Type,														Tag)
VALUES 
('ABILITY_LEADER_STELLARIS_WITCH_6_EXTRA_MOVEMENT',			'CLASS_ALL_UNITS'),
('ABILITY_LEADER_STELLARIS_WITCH_6_EXTRA_STRENGTH',			'CLASS_ALL_COMBAT_UNITS');

INSERT INTO UnitAbilities
(UnitAbilityType,											Name,															Description,															Inactive)
VALUES
('ABILITY_LEADER_STELLARIS_WITCH_6_EXTRA_MOVEMENT',			'LOC_ABILITY_LEADER_STELLARIS_WITCH_6_EXTRA_MOVEMENT_NAME',		'LOC_ABILITY_LEADER_STELLARIS_WITCH_6_EXTRA_MOVEMENT_DESCRIPTION',		'1'),
('ABILITY_LEADER_STELLARIS_WITCH_6_EXTRA_STRENGTH',			'LOC_ABILITY_LEADER_STELLARIS_WITCH_6_EXTRA_STRENGTH_NAME',		'LOC_ABILITY_LEADER_STELLARIS_WITCH_6_EXTRA_STRENGTH_DESCRIPTION',		'1');

INSERT INTO Traits				
(TraitType,									Name,											Description)
VALUES
('TRAIT_LEADER_STELLARIS_WITCH_6',			'LOC_TRAIT_LEADER_STELLARIS_WITCH_6_NAME',		'LOC_TRAIT_LEADER_STELLARIS_WITCH_6_DESCRIPTION');

INSERT INTO Leaders			
(LeaderType,						Name,									InheritFrom,		SceneLayers)
VALUES
('LEADER_STELLARIS_WITCH_6',		'LOC_LEADER_STELLARIS_WITCH_6_NAME',	'LEADER_DEFAULT',	'4');



INSERT INTO LeaderTraits	
(LeaderType,						TraitType)
VALUES
('LEADER_STELLARIS_WITCH_6',		'TRAIT_LEADER_STELLARIS_WITCH_6');

INSERT INTO LeaderQuotes
(LeaderType,					Quote)
VALUES
('LEADER_STELLARIS_WITCH_6',	'LOC_PEDIA_LEADERS_PAGE_LEADER_STELLARIS_WITCH_6_QUOTE');

INSERT INTO UnitAbilityModifiers 
(UnitAbilityType,										ModifierId) 
VALUES 
('ABILITY_LEADER_STELLARIS_WITCH_6_EXTRA_MOVEMENT',		'MODIFIER_ABILITY_LEADER_STELLARIS_WITCH_6_EXTRA_MOVEMENT'),
('ABILITY_LEADER_STELLARIS_WITCH_6_EXTRA_STRENGTH',		'MODIFIER_ABILITY_LEADER_STELLARIS_WITCH_6_EXTRA_STRENGTH');

INSERT INTO TraitModifiers 
(TraitType,								ModifierId) 
VALUES 
('TRAIT_LEADER_STELLARIS_WITCH_6',		'MODIFIER_TRAIT_LEADER_STELLARIS_WITCH_6_MILITARY_PRODUCTION'),
('TRAIT_LEADER_MAJOR_CIV',				'MODIFIER_TRAIT_LEADER_MAJOR_CIV_HEAT_DEVOURING_SWARM'),
('TRAIT_LEADER_STELLARIS_WITCH_6',		'MODIFIER_GRANT_ABILITY_LEADER_STELLARIS_WITCH_6_EXTRA_MOVEMENT'),
('TRAIT_LEADER_STELLARIS_WITCH_6',		'MODIFIER_GRANT_ABILITY_LEADER_STELLARIS_WITCH_6_EXTRA_STRENGTH'),
('TRAIT_LEADER_STELLARIS_WITCH_6',		'MODIFIER_TRAIT_LEADER_STELLARIS_WITCH_6_UNIT_MAINTENANCE_DISCOUNT'),
('TRAIT_LEADER_STELLARIS_WITCH_6',		'MODIFIER_TRAIT_LEADER_STELLARIS_WITCH_6_ONE_MORE_RED_SLOT'),
('TRAIT_LEADER_STELLARIS_WITCH_6',		'MODIFIER_TRAIT_LEADER_STELLARIS_WITCH_6_NO_FAVOR_YIELD'),
--('TRAIT_LEADER_STELLARIS_WITCH_6',		'MODIFIER_TRAIT_LEADER_STELLARIS_WITCH_6_USELESS_ENVOY'),
('TRAIT_LEADER_STELLARIS_WITCH_6',		'MODIFIER_TRAIT_LEADER_STELLARIS_WITCH_6_ALWAYS_LOYAL'),
--('TRAIT_LEADER_STELLARIS_WITCH_6',		'MODIFIER_TRAIT_LEADER_STELLARIS_WITCH_6_NO_CITY_PRESSURE'),
('TRAIT_LEADER_STELLARIS_WITCH_6',		'MODIFIER_LEADER_STELLARIS_WITCH_6_ATTACH_AMENITY_MODIFIER'),
('TRAIT_LEADER_STELLARIS_WITCH_6',		'MODIFIER_TRAIT_LEADER_STELLARIS_WITCH_6_NO_WAR_WEARINESS'),
('TRAIT_LEADER_STELLARIS_WITCH_6',		'MODIFIER_LEADER_STELLARIS_WITCH_6_IDENTITY_PRESURE');



INSERT INTO Modifiers 
(ModifierId,															ModifierType,													RunOnce,	Permanent,	NewOnly,	OwnerRequirementSetId,						SubjectRequirementSetId) 
VALUES 
('MODIFIER_TRAIT_LEADER_STELLARIS_WITCH_6_MILITARY_PRODUCTION',			'MODIFIER_PLAYER_CITIES_ADJUST_MILITARY_UNITS_PRODUCTION',		0,			0,			0,			NULL,										NULL),
('MODIFIER_TRAIT_LEADER_MAJOR_CIV_HEAT_DEVOURING_SWARM',				'MODIFIER_PLAYER_DIPLOMACY_SIMPLE_MODIFIER',					0,			0,			0,			'REQSET_ISNT_LEADER_STELLARIS_WITCH_6',		'REQSET_IS_LEADER_STELLARIS_WITCH_6'),
('MODIFIER_ABILITY_LEADER_STELLARIS_WITCH_6_EXTRA_MOVEMENT',			'MODIFIER_PLAYER_UNIT_ADJUST_MOVEMENT',							0,			0,			0,			NULL,										NULL),
('MODIFIER_GRANT_ABILITY_LEADER_STELLARIS_WITCH_6_EXTRA_MOVEMENT',		'MODIFIER_PLAYER_UNITS_GRANT_ABILITY',							0,			0,			0,			NULL,										NULL),
('MODIFIER_ABILITY_LEADER_STELLARIS_WITCH_6_EXTRA_STRENGTH',			'MODIFIER_UNIT_ADJUST_COMBAT_STRENGTH',							0,			0,			0,			NULL,										NULL),
('MODIFIER_GRANT_ABILITY_LEADER_STELLARIS_WITCH_6_EXTRA_STRENGTH',		'MODIFIER_PLAYER_UNITS_GRANT_ABILITY',							0,			0,			0,			NULL,										NULL),
('MODIFIER_TRAIT_LEADER_STELLARIS_WITCH_6_UNIT_MAINTENANCE_DISCOUNT',	'MODIFIER_PLAYER_ADJUST_UNIT_MAINTENANCE_DISCOUNT',				0,			0,			0,			NULL,										NULL),
('MODIFIER_TRAIT_LEADER_STELLARIS_WITCH_6_ONE_MORE_RED_SLOT',			'MODIFIER_PLAYER_CULTURE_ADJUST_GOVERNMENT_SLOTS_MODIFIER',		0,			0,			0,			NULL,										NULL),
('MODIFIER_TRAIT_LEADER_STELLARIS_WITCH_6_NO_FAVOR_YIELD',				'MODIFIER_PLAYER_ADJUST_EXTRA_FAVOR_PER_TURN',					0,			0,			0,			NULL,										NULL),
--('MODIFIER_TRAIT_LEADER_STELLARIS_WITCH_6_USELESS_ENVOY',				'MODIFIER_PLAYER_ADJUST_DUPLICATE_FIRST_INFLUENCE_TOKEN',		0,			0,			0,			NULL,										NULL),
('MODIFIER_TRAIT_LEADER_STELLARIS_WITCH_6_ALWAYS_LOYAL',				'MODIFIER_PLAYER_CITIES_ADJUST_ALWAYS_LOYAL',					0,			0,			0,			NULL,										NULL),
--('MODIFIER_TRAIT_LEADER_STELLARIS_WITCH_6_NO_CITY_PRESSURE',			'MODIFIERTYPE_STELLARIS_WITCH_6_ADJUST_CITY_PRESSURE',			0,			0,			0,			NULL,										NULL),
('MODIFIER_LEADER_STELLARIS_WITCH_6_ATTACH_AMENITY_MODIFIER',			'MODIFIER_PLAYER_CITIES_ATTACH_MODIFIER',						0,			0,			0,			NULL,										NULL),
('MODIFIER_LEADER_STELLARIS_WITCH_6_CITY_AMENITY_MODIFIER',				'MODIFIER_SINGLE_CITY_ADJUST_CITY_AMENITIES_FROM_GREAT_PEOPLE', 0,			0,			0,			NULL,										'REQSET_CITY_HASNT_BULIDING_OFFSPRING_NEST'),
('MODIFIER_TRAIT_LEADER_STELLARIS_WITCH_6_CAPITAL_CITY_GRANT_OFFSPRING_NEST',	'MODIFIER_SINGLE_CITY_GRANT_BUILDING_IN_CITY_IGNORE',	1,			1,			0,			NULL,										NULL),
('MODIFIER_TRAIT_LEADER_STELLARIS_WITCH_6_NO_WAR_WEARINESS',			'MODIFIER_PLAYER_ADJUST_WAR_WEARINESS',							0,			0,			0,			NULL,										NULL),
('MODIFIER_LEADER_STELLARIS_WITCH_6_IDENTITY_PRESURE',					'MODIFIER_PLAYER_CITIES_ADJUST_IDENTITY_PER_CITIZEN',			0,			0,			0,			NULL,										NULL);


INSERT INTO ModifierArguments 
(ModifierId,															Name,							Value) 
VALUES	
('MODIFIER_TRAIT_LEADER_STELLARIS_WITCH_6_MILITARY_PRODUCTION',			'Amount',						'34'), 
('MODIFIER_TRAIT_LEADER_STELLARIS_WITCH_6_MILITARY_PRODUCTION',			'EndEra',						'ERA_FUTURE'), 
('MODIFIER_TRAIT_LEADER_STELLARIS_WITCH_6_MILITARY_PRODUCTION',			'StartEra',						'ERA_ANCIENT'),
('MODIFIER_TRAIT_LEADER_MAJOR_CIV_HEAT_DEVOURING_SWARM',				'InitialValue',					'-1000'), 
('MODIFIER_TRAIT_LEADER_MAJOR_CIV_HEAT_DEVOURING_SWARM',				'SimpleModifierDescription',	'MODIFIER_TRAIT_LEADER_MAJOR_CIV_HEAT_DEVOURING_SWARM_DES'), 
('MODIFIER_TRAIT_LEADER_MAJOR_CIV_HEAT_DEVOURING_SWARM',				'StatementKey',					'MODIFIER_TRAIT_LEADER_MAJOR_CIV_HEAT_DEVOURING_SWARM_KEY'),
('MODIFIER_ABILITY_LEADER_STELLARIS_WITCH_6_EXTRA_MOVEMENT',			'Amount',						'1'),
('MODIFIER_GRANT_ABILITY_LEADER_STELLARIS_WITCH_6_EXTRA_MOVEMENT',		'AbilityType',					'ABILITY_LEADER_STELLARIS_WITCH_6_EXTRA_MOVEMENT'),
('MODIFIER_ABILITY_LEADER_STELLARIS_WITCH_6_EXTRA_STRENGTH',			'Amount',						'5'),
('MODIFIER_GRANT_ABILITY_LEADER_STELLARIS_WITCH_6_EXTRA_STRENGTH',		'AbilityType',					'ABILITY_LEADER_STELLARIS_WITCH_6_EXTRA_STRENGTH'),
('MODIFIER_TRAIT_LEADER_STELLARIS_WITCH_6_UNIT_MAINTENANCE_DISCOUNT',	'Amount',						'1'),
('MODIFIER_TRAIT_LEADER_STELLARIS_WITCH_6_ONE_MORE_RED_SLOT',			'GovernmentSlotType',			'SLOT_MILITARY'),
('MODIFIER_TRAIT_LEADER_STELLARIS_WITCH_6_NO_FAVOR_YIELD',				'Amount',						'-1000'),
--('MODIFIER_TRAIT_LEADER_STELLARIS_WITCH_6_USELESS_ENVOY',				'Amount',						'-1000'),
('MODIFIER_TRAIT_LEADER_STELLARIS_WITCH_6_ALWAYS_LOYAL',				'AlwaysLoyal',					'1'),
--('MODIFIER_TRAIT_LEADER_STELLARIS_WITCH_6_NO_CITY_PRESSURE',			'Amount',						'-4'),
('MODIFIER_LEADER_STELLARIS_WITCH_6_ATTACH_AMENITY_MODIFIER',			'ModifierId',					'MODIFIER_LEADER_STELLARIS_WITCH_6_CITY_AMENITY_MODIFIER'),
('MODIFIER_LEADER_STELLARIS_WITCH_6_CITY_AMENITY_MODIFIER',				'Amount',						'-2'),
('MODIFIER_TRAIT_LEADER_STELLARIS_WITCH_6_CAPITAL_CITY_GRANT_OFFSPRING_NEST',	'BuildingType',			'BUILDING_OFFSPRING_NEST'),
('MODIFIER_TRAIT_LEADER_STELLARIS_WITCH_6_NO_WAR_WEARINESS',			'Amount',						'-100'), 
('MODIFIER_TRAIT_LEADER_STELLARIS_WITCH_6_NO_WAR_WEARINESS',			'Overall',						'1'),
('MODIFIER_LEADER_STELLARIS_WITCH_6_IDENTITY_PRESURE',					'Amount',						'-20');


INSERT INTO ModifierStrings
(ModifierId,													Context,		Text)
VALUES
('MODIFIER_ABILITY_LEADER_STELLARIS_WITCH_6_EXTRA_MOVEMENT',	'Preview',		'LOC_ABILITY_LEADER_STELLARIS_WITCH_6_EXTRA_MOVEMENT_DESCRIPTION'),
('MODIFIER_ABILITY_LEADER_STELLARIS_WITCH_6_EXTRA_STRENGTH',	'Preview',		'LOC_ABILITY_LEADER_STELLARIS_WITCH_6_EXTRA_STRENGTH_DESCRIPTION');
INSERT INTO ModifierStrings
(ModifierId,												Context,	Text)   
VALUES
('MODIFIER_TRAIT_LEADER_MAJOR_CIV_HEAT_DEVOURING_SWARM',	'Sample',	'LOC_TOOLTIP_SAMPLE_DIPLOMACY_ALL');



INSERT INTO RequirementSets 
(RequirementSetId,								RequirementSetType) 
VALUES 
('REQSET_ISNT_LEADER_STELLARIS_WITCH_6',		'REQUIREMENTSET_TEST_ALL'), 
('REQSET_IS_LEADER_STELLARIS_WITCH_6',			'REQUIREMENTSET_TEST_ALL'),
('REQSET_CITY_HASNT_BULIDING_OFFSPRING_NEST',	'REQUIREMENTSET_TEST_ALL');


INSERT INTO RequirementSetRequirements 
(RequirementSetId,								RequirementId) 
VALUES 
('REQSET_ISNT_LEADER_STELLARIS_WITCH_6',		'REQ_ISNT_LEADER_STELLARIS_WITCH_6'), 
('REQSET_IS_LEADER_STELLARIS_WITCH_6',			'REQ_IS_LEADER_STELLARIS_WITCH_6'),
('REQSET_CITY_HASNT_BULIDING_OFFSPRING_NEST',	'REQ_CITY_HASNT_BULIDING_OFFSPRING_NEST');


INSERT INTO Requirements 
(RequirementId,								RequirementType,							Inverse) 
VALUES 
('REQ_ISNT_LEADER_STELLARIS_WITCH_6',		'REQUIREMENT_PLAYER_LEADER_TYPE_MATCHES',	1), 
('REQ_IS_LEADER_STELLARIS_WITCH_6',			'REQUIREMENT_PLAYER_LEADER_TYPE_MATCHES',	0),
('REQ_CITY_HASNT_BULIDING_OFFSPRING_NEST',	'REQUIREMENT_CITY_HAS_BUILDING',			1);


INSERT INTO RequirementArguments
(RequirementId,								Name,				Value) 
VALUES 
('REQ_ISNT_LEADER_STELLARIS_WITCH_6',		'LeaderType',		'LEADER_STELLARIS_WITCH_6'), 
('REQ_IS_LEADER_STELLARIS_WITCH_6',			'LeaderType',		'LEADER_STELLARIS_WITCH_6'),
('REQ_CITY_HASNT_BULIDING_OFFSPRING_NEST',	'BuildingType',		'BUILDING_OFFSPRING_NEST');






INSERT INTO Modifiers (ModifierId, ModifierType, RunOnce, Permanent, NewOnly, OwnerRequirementSetId, SubjectRequirementSetId) VALUES 
('MODIFIER_TRAIT_LEADER_STELLARIS_WITCH_6_AI_BUFF', 'MODIFIERTYPE_PLAYER_CITY_ADJUST_CITY_YIELD_STELLARIS', 0, 0, 0, NULL, NULL),
('MODIFIER_TRAIT_LEADER_STELLARIS_WITCH_6_AI_BUFF2', 'MODIFIERTYPE_PLAYER_CITY_ADJUST_CITY_YIELD_STELLARIS', 0, 0, 0, NULL, NULL);
INSERT INTO ModifierArguments (ModifierId, Name, Value) VALUES 
('MODIFIER_TRAIT_LEADER_STELLARIS_WITCH_6_AI_BUFF', 'Amount', '24'), 
('MODIFIER_TRAIT_LEADER_STELLARIS_WITCH_6_AI_BUFF', 'YieldType', 'YIELD_PRODUCTION'),
('MODIFIER_TRAIT_LEADER_STELLARIS_WITCH_6_AI_BUFF2', 'Amount', '12'), 
('MODIFIER_TRAIT_LEADER_STELLARIS_WITCH_6_AI_BUFF2', 'YieldType', 'YIELD_SCIENCE');


INSERT INTO Modifiers (ModifierId, ModifierType, RunOnce, Permanent, NewOnly, OwnerRequirementSetId, SubjectRequirementSetId) VALUES 
('MODIFIER_TRAIT_LEADER_STELLARIS_WITCH_6_AI_BUFF_ARMY5', 'MODIFIER1TYPE_PLAYER_CITY_GRANT_UNIT_BY_CLASS', 0, 1, 0, NULL, NULL),
('MODIFIER_TRAIT_LEADER_STELLARIS_WITCH_6_AI_BUFF_ARMY', 'MODIFIER1TYPE_PLAYER_CITY_GRANT_UNIT_BY_CLASS', 0, 1, 0, NULL, NULL),
('MODIFIER_TRAIT_LEADER_STELLARIS_WITCH_6_AI_BUFF_ARMY2','MODIFIER1TYPE_PLAYER_CITY_GRANT_UNIT_BY_CLASS', 0, 1, 0, NULL, NULL),
('MODIFIER_TRAIT_LEADER_STELLARIS_WITCH_6_AI_BUFF_ARMY3','MODIFIER1TYPE_PLAYER_CITY_GRANT_UNIT_BY_CLASS', 0, 1, 0, NULL, NULL),
('MODIFIER_TRAIT_LEADER_STELLARIS_WITCH_6_AI_BUFF_ARMY4','MODIFIER1TYPE_PLAYER_CITY_GRANT_UNIT_BY_CLASS', 0, 1, 0, NULL, NULL);

INSERT INTO ModifierArguments (ModifierId, Name, Value) VALUES 
('MODIFIER_TRAIT_LEADER_STELLARIS_WITCH_6_AI_BUFF_ARMY5','UnitPromotionClassType', 'PROMOTION_CLASS_LIGHT_CAVALRY'),
('MODIFIER_TRAIT_LEADER_STELLARIS_WITCH_6_AI_BUFF_ARMY', 'UnitPromotionClassType', 'PROMOTION_CLASS_HEAVY_CAVALRY'),
('MODIFIER_TRAIT_LEADER_STELLARIS_WITCH_6_AI_BUFF_ARMY2','UnitPromotionClassType', 'PROMOTION_CLASS_SIEGE'),
('MODIFIER_TRAIT_LEADER_STELLARIS_WITCH_6_AI_BUFF_ARMY3','UnitPromotionClassType', 'PROMOTION_CLASS_MELEE'),
('MODIFIER_TRAIT_LEADER_STELLARIS_WITCH_6_AI_BUFF_ARMY4','UnitPromotionClassType', 'PROMOTION_CLASS_RANGED');
INSERT INTO Types (Type, Kind) VALUES 
('MODIFIER1TYPE_PLAYER_CITY_GRANT_UNIT_BY_CLASS', 'KIND_MODIFIER');
INSERT INTO DynamicModifiers (ModifierType, CollectionType, EffectType) VALUES 
('MODIFIER1TYPE_PLAYER_CITY_GRANT_UNIT_BY_CLASS', 'COLLECTION_OWNER', 'EFFECT_GRANT_UNIT_BY_CLASS');

