-- Leader_Nick
-- Author: wldcmzy
-- DateCreated: 2/25/2024 1:04:03 AM
--------------------------------------------------------------
INSERT INTO Types	
(Type,										Kind)
VALUES
('LEADER_STELLARIS_ZOEY_3',					'KIND_LEADER'),
('TRAIT_LEADER_STELLARIS_ZOEY_3',			'KIND_TRAIT');

INSERT INTO Traits				
(TraitType,									Name,										Description)
VALUES
('TRAIT_LEADER_STELLARIS_ZOEY_3',			'LOC_TRAIT_LEADER_STELLARIS_ZOEY_3_NAME',	'LOC_TRAIT_LEADER_STELLARIS_ZOEY_3_DESCRIPTION');

INSERT INTO Leaders			
(LeaderType,						Name,									InheritFrom,		SceneLayers)
VALUES
('LEADER_STELLARIS_ZOEY_3',			'LOC_LEADER_STELLARIS_ZOEY_3_NAME',		'LEADER_DEFAULT',	'4');



INSERT INTO LeaderTraits	
(LeaderType,					TraitType)
VALUES
('LEADER_STELLARIS_ZOEY_3',		'TRAIT_LEADER_STELLARIS_ZOEY_3');

INSERT INTO LeaderQuotes
(LeaderType,					Quote)
VALUES
('LEADER_STELLARIS_ZOEY_3',		'LOC_PEDIA_LEADERS_PAGE_LEADER_STELLARIS_ZOEY_3_QUOTE');





INSERT INTO TraitModifiers 
(TraitType,							ModifierId) 
VALUES 
('TRAIT_LEADER_STELLARIS_ZOEY_3',	'MODIFIER_TRAIT_LEADER_STELLARIS_ZOEY_3_CAPITAL_CITY_YIELD_FOOD'),
('TRAIT_LEADER_STELLARIS_ZOEY_3',	'MODIFIER_TRAIT_LEADER_STELLARIS_ZOEY_3_CAPITAL_CITY_YIELD_PRODUCTION');

INSERT INTO Modifiers 
(ModifierId,																ModifierType,												RunOnce,	Permanent,	NewOnly,	OwnerRequirementSetId,	SubjectRequirementSetId) 
VALUES 
('MODIFIER_TRAIT_LEADER_STELLARIS_ZOEY_3_CAPITAL_CITY_YIELD_FOOD',			'MODIFIER_PLAYER_CAPITAL_CITY_ADJUST_CITY_YIELD_CHANGE',	0,			0,			0,			NULL,					NULL),
('MODIFIER_TRAIT_LEADER_STELLARIS_ZOEY_3_CAPITAL_CITY_YIELD_PRODUCTION',	'MODIFIER_PLAYER_CAPITAL_CITY_ADJUST_CITY_YIELD_CHANGE',	0,			0,			0,			NULL,					NULL),
('MODIFIER_TRAIT_LEADER_STELLARIS_ZOEY_3_CAPITAL_CITY_GRANT_MONUMENT',		'MODIFIER_SINGLE_CITY_GRANT_BUILDING_IN_CITY_IGNORE',		1,			1,			0,			NULL,					NULL),
('MODIFIER_TRAIT_LEADER_STELLARIS_ZOEY_3_CAPITAL_CITY_GRANT_WALLS',			'MODIFIER_SINGLE_CITY_GRANT_BUILDING_IN_CITY_IGNORE',		1,			1,			0,			NULL,					NULL);


INSERT INTO ModifierArguments 
(ModifierId,																Name,			Value) 
VALUES 
('MODIFIER_TRAIT_LEADER_STELLARIS_ZOEY_3_CAPITAL_CITY_YIELD_FOOD',			'Amount',		'2'), 
('MODIFIER_TRAIT_LEADER_STELLARIS_ZOEY_3_CAPITAL_CITY_YIELD_FOOD',			'YieldType',	'YIELD_FOOD'),
('MODIFIER_TRAIT_LEADER_STELLARIS_ZOEY_3_CAPITAL_CITY_YIELD_PRODUCTION',	'Amount',		'2'), 
('MODIFIER_TRAIT_LEADER_STELLARIS_ZOEY_3_CAPITAL_CITY_YIELD_PRODUCTION',	'YieldType',	'YIELD_PRODUCTION'),
('MODIFIER_TRAIT_LEADER_STELLARIS_ZOEY_3_CAPITAL_CITY_GRANT_MONUMENT',		'BuildingType',	'BUILDING_MONUMENT'),
('MODIFIER_TRAIT_LEADER_STELLARIS_ZOEY_3_CAPITAL_CITY_GRANT_WALLS',			'BuildingType',	'BUILDING_WALLS');



INSERT INTO Modifiers (ModifierId, ModifierType, RunOnce, Permanent, NewOnly, OwnerRequirementSetId, SubjectRequirementSetId) VALUES 
('MODIFIER_TRAIT_LEADER_STELLARIS_ZOEY_3_AI_BUFF', 'MODIFIERTYPE_PLAYER_CITY_ADJUST_CITY_YIELD_STELLARIS', 0, 0, 0, NULL, NULL);

INSERT INTO ModifierArguments (ModifierId, Name, Value) VALUES 
('MODIFIER_TRAIT_LEADER_STELLARIS_ZOEY_3_AI_BUFF', 'Amount', '12'), 
('MODIFIER_TRAIT_LEADER_STELLARIS_ZOEY_3_AI_BUFF', 'YieldType', 'YIELD_PRODUCTION');