-- Leaders_Agenda
-- Author: wldcmzy
-- DateCreated: 3/4/2024 2:22:33 PM
--------------------------------------------------------------
INSERT INTO Types			
(Type,										Kind)	
VALUES
('TRAIT_AGENDA_LEADER_STELLARIS_WITCH_6',	'KIND_TRAIT'),
('TRAIT_AGENDA_LEADER_STELLARIS_ELLIS_5',	'KIND_TRAIT'),
('TRAIT_AGENDA_LEADER_STELLARIS_ZOEY_3',	'KIND_TRAIT'),
('TRAIT_AGENDA_LEADER_STELLARIS_GREY',		'KIND_TRAIT');

INSERT INTO Traits			
(TraitType,									Name,										Description)	
VALUES
('TRAIT_AGENDA_LEADER_STELLARIS_WITCH_6',	'LOC_AGENDA_LEADER_STELLARIS_WITCH_6_NAME',	'LOC_AGENDA_LEADER_STELLARIS_WITCH_6_DESCRIPTION'),
('TRAIT_AGENDA_LEADER_STELLARIS_ELLIS_5',	'LOC_AGENDA_LEADER_STELLARIS_ELLIS_5_NAME',	'LOC_AGENDA_LEADER_STELLARIS_ELLIS_5_DESCRIPTION'),
('TRAIT_AGENDA_LEADER_STELLARIS_ZOEY_3',	'LOC_AGENDA_LEADER_STELLARIS_ZOEY_3_NAME',	'LOC_AGENDA_LEADER_STELLARIS_ZOEY_3_DESCRIPTION'),
('TRAIT_AGENDA_LEADER_STELLARIS_GREY',		'LOC_AGENDA_LEADER_STELLARIS_GREY_NAME',	'LOC_AGENDA_LEADER_STELLARIS_GREY_DESCRIPTION');



INSERT INTO Agendas			
(AgendaType,							Name,											Description)	
VALUES
('AGENDA_LEADER_STELLARIS_WITCH_6',		'LOC_AGENDA_LEADER_STELLARIS_WITCH_6_NAME',		'LOC_AGENDA_LEADER_STELLARIS_WITCH_6_DESCRIPTION'),
('AGENDA_LEADER_STELLARIS_ELLIS_5',		'LOC_AGENDA_LEADER_STELLARIS_ELLIS_5_NAME',		'LOC_AGENDA_LEADER_STELLARIS_ELLIS_5_DESCRIPTION'),
('AGENDA_LEADER_STELLARIS_ZOEY_3',		'LOC_AGENDA_LEADER_STELLARIS_ZOEY_3_NAME',		'LOC_AGENDA_LEADER_STELLARIS_ZOEY_3_DESCRIPTION'),
('AGENDA_LEADER_STELLARIS_GREY',		'LOC_AGENDA_LEADER_STELLARIS_GREY_NAME',		'LOC_AGENDA_LEADER_STELLARIS_GREY_DESCRIPTION');

INSERT INTO AgendaTraits			
(AgendaType,							TraitType)	
VALUES
('AGENDA_LEADER_STELLARIS_WITCH_6',		'TRAIT_AGENDA_LEADER_STELLARIS_WITCH_6'),
('AGENDA_LEADER_STELLARIS_ELLIS_5',		'TRAIT_AGENDA_LEADER_STELLARIS_ELLIS_5'),
('AGENDA_LEADER_STELLARIS_ZOEY_3',		'TRAIT_AGENDA_LEADER_STELLARIS_ZOEY_3'),
('AGENDA_LEADER_STELLARIS_GREY',		'TRAIT_AGENDA_LEADER_STELLARIS_GREY');

INSERT INTO HistoricalAgendas	
(LeaderType,					AgendaType) 
VALUES
('LEADER_STELLARIS_WITCH_6',	'AGENDA_LEADER_STELLARIS_WITCH_6'),
('LEADER_STELLARIS_ELLIS_5',	'AGENDA_LEADER_STELLARIS_ELLIS_5'),
('LEADER_STELLARIS_ZOEY_3',		'AGENDA_LEADER_STELLARIS_ZOEY_3'),
('LEADER_STELLARIS_GREY',		'AGENDA_LEADER_STELLARIS_GREY');


INSERT INTO ExclusiveAgendas			
(AgendaOne,								AgendaTwo)	
VALUES
('AGENDA_LEADER_STELLARIS_WITCH_6',		'AGENDA_CITY_STATE_ALLY'),
('AGENDA_LEADER_STELLARIS_WITCH_6',		'AGENDA_CITY_STATE_PROTECTOR'),
('AGENDA_LEADER_STELLARIS_WITCH_6',		'AGENDA_DEMAGOGUE'),
('AGENDA_LEADER_STELLARIS_WITCH_6',		'AGENDA_DESTINATION_CIV'),
('AGENDA_LEADER_STELLARIS_WITCH_6',		'AGENDA_ENVIRONMENTALIST'),
('AGENDA_LEADER_STELLARIS_WITCH_6',		'AGENDA_FLAT_EARTHER'),
('AGENDA_LEADER_STELLARIS_WITCH_6',		'AGENDA_FUN_LOVING'),
('AGENDA_LEADER_STELLARIS_WITCH_6',		'AGENDA_GOSSIP'),
('AGENDA_LEADER_STELLARIS_WITCH_6',		'AGENDA_GREAT_WHITE_FLEET'),
('AGENDA_LEADER_STELLARIS_WITCH_6',		'AGENDA_NATURALIST'),
('AGENDA_LEADER_STELLARIS_WITCH_6',		'AGENDA_PEACEKEEPER'),
-- ('AGENDA_LEADER_STELLARIS_WITCH_6',		'AGENDA_STANDING_ARMY'),
('AGENDA_LEADER_STELLARIS_WITCH_6',		'AGENDA_DEVOUT'),
('AGENDA_LEADER_STELLARIS_WITCH_6',		'AGENDA_TURTLER'),
('AGENDA_LEADER_STELLARIS_WITCH_6',		'AGENDA_WONDER_ADVOCATE'),
('AGENDA_LEADER_STELLARIS_WITCH_6',		'AGENDA_ZEALOT'),
('AGENDA_LEADER_STELLARIS_ELLIS_5',		'AGENDA_DARWINIST'),
('AGENDA_LEADER_STELLARIS_ELLIS_5',		'AGENDA_EXPANSIONIST'),
('AGENDA_LEADER_STELLARIS_ELLIS_5',		'AGENDA_EXPLORER'),
('AGENDA_LEADER_STELLARIS_ELLIS_5',		'AGENDA_FLAT_EARTHER'),
('AGENDA_LEADER_STELLARIS_ELLIS_5',		'AGENDA_GREAT_WHITE_FLEET'),
('AGENDA_LEADER_STELLARIS_ELLIS_5',		'AGENDA_POPULOUS'),
('AGENDA_LEADER_STELLARIS_ELLIS_5',		'AGENDA_PILLAGER'),
('AGENDA_LEADER_STELLARIS_ZOEY_3',		'AGENDA_FLAT_EARTHER'),
('AGENDA_LEADER_STELLARIS_GREY',		'AGENDA_DARWINIST'),
('AGENDA_LEADER_STELLARIS_GREY',		'AGENDA_FLAT_EARTHER'),
('AGENDA_LEADER_STELLARIS_GREY',		'AGENDA_GREAT_WHITE_FLEET'),
('AGENDA_LEADER_STELLARIS_GREY',		'AGENDA_PILLAGER'),
('AGENDA_LEADER_STELLARIS_GREY',		'AGENDA_TECHNOPHILE');






INSERT INTO TraitModifiers 
(TraitType,									ModifierId) 
VALUES 
('TRAIT_AGENDA_LEADER_STELLARIS_WITCH_6',	'MODIFIER_TRAIT_AGENDA_LEADER_STELLARIS_WITCH_6_DEVOURING'),
('TRAIT_AGENDA_LEADER_STELLARIS_WITCH_6',	'MODIFIER_TRAIT_AGENDA_LEADER_STELLARIS_WITCH_6_ARMY'),
('TRAIT_AGENDA_LEADER_STELLARIS_WITCH_6',	'MODIFIER_TRAIT_AGENDA_LEADER_STELLARIS_WITCH_6_ARMY_2'),
('TRAIT_AGENDA_LEADER_STELLARIS_WITCH_6',	'MODIFIER_TRAIT_AGENDA_LEADER_STELLARIS_WITCH_6_NEIGHBORS'),
('TRAIT_AGENDA_LEADER_STELLARIS_ELLIS_5',	'MODIFIER_TRAIT_AGENDA_LEADER_STELLARIS_ELLIS_5_POPULATION'),
('TRAIT_AGENDA_LEADER_STELLARIS_ELLIS_5',	'MODIFIER_TRAIT_AGENDA_LEADER_STELLARIS_ELLIS_5_POPULATION_2'),
('TRAIT_AGENDA_LEADER_STELLARIS_ZOEY_3',	'MODIFIER_TRAIT_AGENDA_LEADER_STELLARIS_ZOEY_3_NEIGHBORS'),
('TRAIT_AGENDA_LEADER_STELLARIS_GREY',		'MODIFIER_TRAIT_AGENDA_LEADER_STELLARIS_GREY_SCIENCE'),
('TRAIT_AGENDA_LEADER_STELLARIS_GREY',		'MODIFIER_TRAIT_AGENDA_LEADER_STELLARIS_GREY_SCIENCE_2');


INSERT INTO Modifiers 
(ModifierId,														ModifierType,									RunOnce,	Permanent,	NewOnly,	OwnerRequirementSetId,						SubjectRequirementSetId) 
VALUES 
('MODIFIER_TRAIT_AGENDA_LEADER_STELLARIS_WITCH_6_DEVOURING',		'MODIFIER_PLAYER_DIPLOMACY_SIMPLE_MODIFIER',	0,			0,			0,			NULL,										NULL),
('MODIFIER_TRAIT_AGENDA_LEADER_STELLARIS_WITCH_6_ARMY',				'MODIFIER_PLAYER_DIPLOMACY_SIMPLE_MODIFIER',	0,			0,			0,			NULL,										'PLAYER_HAS_HIGH_STANDING_ARMY'),
('MODIFIER_TRAIT_AGENDA_LEADER_STELLARIS_WITCH_6_ARMY_2',			'MODIFIER_PLAYER_DIPLOMACY_SIMPLE_MODIFIER',	0,			0,			0,			NULL,										'PLAYER_HAS_LOW_STANDING_ARMY'),
('MODIFIER_TRAIT_AGENDA_LEADER_STELLARIS_WITCH_6_NEIGHBORS',		'MODIFIER_PLAYER_DIPLOMACY_SIMPLE_MODIFIER',	0,			0,			0,			NULL,										'PLAYERS_ARE_NEIGHBORS'),
('MODIFIER_TRAIT_AGENDA_LEADER_STELLARIS_ELLIS_5_POPULATION',		'MODIFIER_PLAYER_DIPLOMACY_SIMPLE_MODIFIER',	0,			0,			0,			NULL,										'PLAYER_HAS_HIGH_POPULATION'),
('MODIFIER_TRAIT_AGENDA_LEADER_STELLARIS_ELLIS_5_POPULATION_2',		'MODIFIER_PLAYER_DIPLOMACY_SIMPLE_MODIFIER',	0,			0,			0,			NULL,										'PLAYER_HAS_LOW_POPULATION'),
('MODIFIER_TRAIT_AGENDA_LEADER_STELLARIS_ZOEY_3_NEIGHBORS',			'MODIFIER_PLAYER_DIPLOMACY_SIMPLE_MODIFIER',	0,			0,			0,			NULL,										'PLAYERS_ARE_NEIGHBORS'),
('MODIFIER_TRAIT_AGENDA_LEADER_STELLARIS_GREY_SCIENCE',				'MODIFIER_PLAYER_DIPLOMACY_SIMPLE_MODIFIER',	0,			0,			0,			NULL,										'PLAYER_HAS_HIGH_SCIENCE'),
('MODIFIER_TRAIT_AGENDA_LEADER_STELLARIS_GREY_SCIENCE_2',			'MODIFIER_PLAYER_DIPLOMACY_SIMPLE_MODIFIER',	0,			0,			0,			NULL,										'PLAYER_HAS_LOW_SCIENCE');


INSERT INTO ModifierArguments 
(ModifierId,														Name,							Value) 
VALUES 
('MODIFIER_TRAIT_AGENDA_LEADER_STELLARIS_WITCH_6_DEVOURING',		'InitialValue',					'-275'), 
('MODIFIER_TRAIT_AGENDA_LEADER_STELLARIS_WITCH_6_DEVOURING',		'SimpleModifierDescription',	'LOC_MODIFIER_TRAIT_AGENDA_LEADER_STELLARIS_WITCH_6_DEVOURING_DES'), 
('MODIFIER_TRAIT_AGENDA_LEADER_STELLARIS_WITCH_6_DEVOURING',		'StatementKey',					'LOC_MODIFIER_TRAIT_AGENDA_LEADER_STELLARIS_WITCH_6_DEVOURING_KEY'),
('MODIFIER_TRAIT_AGENDA_LEADER_STELLARIS_WITCH_6_DEVOURING',		'HiddenAgenda',					'0'),

('MODIFIER_TRAIT_AGENDA_LEADER_STELLARIS_WITCH_6_ARMY',				'InitialValue',					'125'), 
('MODIFIER_TRAIT_AGENDA_LEADER_STELLARIS_WITCH_6_ARMY',				'SimpleModifierDescription',	'LOC_MODIFIER_TRAIT_AGENDA_LEADER_STELLARIS_WITCH_6_ARMY_DES'), 
('MODIFIER_TRAIT_AGENDA_LEADER_STELLARIS_WITCH_6_ARMY',				'StatementKey',					'LOC_MODIFIER_TRAIT_AGENDA_LEADER_STELLARIS_WITCH_6_ARMY_KEY'),
('MODIFIER_TRAIT_AGENDA_LEADER_STELLARIS_WITCH_6_ARMY',				'HiddenAgenda',					'0'),

('MODIFIER_TRAIT_AGENDA_LEADER_STELLARIS_WITCH_6_ARMY_2',			'InitialValue',					'-125'), 
('MODIFIER_TRAIT_AGENDA_LEADER_STELLARIS_WITCH_6_ARMY_2',			'SimpleModifierDescription',	'LOC_MODIFIER_TRAIT_AGENDA_LEADER_STELLARIS_WITCH_6_ARMY_2_DES'), 
('MODIFIER_TRAIT_AGENDA_LEADER_STELLARIS_WITCH_6_ARMY_2',			'StatementKey',					'LOC_MODIFIER_TRAIT_AGENDA_LEADER_STELLARIS_WITCH_6_ARMY_2_KEY'),
('MODIFIER_TRAIT_AGENDA_LEADER_STELLARIS_WITCH_6_ARMY_2',			'HiddenAgenda',					'0'),

('MODIFIER_TRAIT_AGENDA_LEADER_STELLARIS_WITCH_6_NEIGHBORS',		'IncrementTurns',				'1'), 
('MODIFIER_TRAIT_AGENDA_LEADER_STELLARIS_WITCH_6_NEIGHBORS',		'IncrementValue',				'-125'), 
('MODIFIER_TRAIT_AGENDA_LEADER_STELLARIS_WITCH_6_NEIGHBORS',		'InitialValue',					'-100'), 
('MODIFIER_TRAIT_AGENDA_LEADER_STELLARIS_WITCH_6_NEIGHBORS',		'MaxValue',						'-1225'), 
('MODIFIER_TRAIT_AGENDA_LEADER_STELLARIS_WITCH_6_NEIGHBORS',		'SimpleModifierDescription',	'LOC_MODIFIER_TRAIT_AGENDA_LEADER_STELLARIS_WITCH_6_NEIGHBORS_DES'), 
('MODIFIER_TRAIT_AGENDA_LEADER_STELLARIS_WITCH_6_NEIGHBORS',		'StatementKey',					'LOC_MODIFIER_TRAIT_AGENDA_LEADER_STELLARIS_WITCH_6_NEIGHBORS_KEY'),
('MODIFIER_TRAIT_AGENDA_LEADER_STELLARIS_WITCH_6_NEIGHBORS',		'HiddenAgenda',					'0'),

('MODIFIER_TRAIT_AGENDA_LEADER_STELLARIS_ELLIS_5_POPULATION',		'InitialValue',					'10'), 
('MODIFIER_TRAIT_AGENDA_LEADER_STELLARIS_ELLIS_5_POPULATION',		'SimpleModifierDescription',	'LOC_MODIFIER_TRAIT_AGENDA_LEADER_STELLARIS_ELLIS_5_POPULATION_DES'), 
('MODIFIER_TRAIT_AGENDA_LEADER_STELLARIS_ELLIS_5_POPULATION',		'StatementKey',					'LOC_MODIFIER_TRAIT_AGENDA_LEADER_STELLARIS_ELLIS_5_POPULATION_KEY'),
('MODIFIER_TRAIT_AGENDA_LEADER_STELLARIS_ELLIS_5_POPULATION',		'HiddenAgenda',					'0'),

('MODIFIER_TRAIT_AGENDA_LEADER_STELLARIS_ELLIS_5_POPULATION_2',		'InitialValue',					'-3'), 
('MODIFIER_TRAIT_AGENDA_LEADER_STELLARIS_ELLIS_5_POPULATION_2',		'SimpleModifierDescription',	'LOC_MODIFIER_TRAIT_AGENDA_LEADER_STELLARIS_ELLIS_5_POPULATION_2_DES'), 
('MODIFIER_TRAIT_AGENDA_LEADER_STELLARIS_ELLIS_5_POPULATION_2',		'StatementKey',					'LOC_MODIFIER_TRAIT_AGENDA_LEADER_STELLARIS_ELLIS_5_POPULATION_2_KEY'),
('MODIFIER_TRAIT_AGENDA_LEADER_STELLARIS_ELLIS_5_POPULATION_2',		'HiddenAgenda',					'0'),

('MODIFIER_TRAIT_AGENDA_LEADER_STELLARIS_ZOEY_3_NEIGHBORS',			'IncrementTurns',				'5'), 
('MODIFIER_TRAIT_AGENDA_LEADER_STELLARIS_ZOEY_3_NEIGHBORS',			'IncrementValue',				'-1'), 
('MODIFIER_TRAIT_AGENDA_LEADER_STELLARIS_ZOEY_3_NEIGHBORS',			'InitialValue',					'-2'), 
('MODIFIER_TRAIT_AGENDA_LEADER_STELLARIS_ZOEY_3_NEIGHBORS',			'MaxValue',						'-12'), 
('MODIFIER_TRAIT_AGENDA_LEADER_STELLARIS_ZOEY_3_NEIGHBORS',			'SimpleModifierDescription',	'LOC_MODIFIER_TRAIT_AGENDA_LEADER_STELLARIS_ZOEY_3_NEIGHBORS_DES'), 
('MODIFIER_TRAIT_AGENDA_LEADER_STELLARIS_ZOEY_3_NEIGHBORS',			'StatementKey',					'LOC_MODIFIER_TRAIT_AGENDA_LEADER_STELLARIS_ZOEY_3_NEIGHBORS_KEY'),
('MODIFIER_TRAIT_AGENDA_LEADER_STELLARIS_ZOEY_3_NEIGHBORS',			'HiddenAgenda',					'0'),

('MODIFIER_TRAIT_AGENDA_LEADER_STELLARIS_GREY_SCIENCE',				'InitialValue',					'10'), 
('MODIFIER_TRAIT_AGENDA_LEADER_STELLARIS_GREY_SCIENCE',				'SimpleModifierDescription',	'LOC_MODIFIER_TRAIT_AGENDA_LEADER_STELLARIS_GREY_SCIENCE_DES'), 
('MODIFIER_TRAIT_AGENDA_LEADER_STELLARIS_GREY_SCIENCE',				'StatementKey',					'LOC_MODIFIER_TRAIT_AGENDA_LEADER_STELLARIS_GREY_SCIENCE_KEY'),
('MODIFIER_TRAIT_AGENDA_LEADER_STELLARIS_GREY_SCIENCE',				'HiddenAgenda',					'0'),

('MODIFIER_TRAIT_AGENDA_LEADER_STELLARIS_GREY_SCIENCE_2',			'InitialValue',					'-3'), 
('MODIFIER_TRAIT_AGENDA_LEADER_STELLARIS_GREY_SCIENCE_2',			'SimpleModifierDescription',	'LOC_MODIFIER_TRAIT_AGENDA_LEADER_STELLARIS_GREY_SCIENCE_2_DES'), 
('MODIFIER_TRAIT_AGENDA_LEADER_STELLARIS_GREY_SCIENCE_2',			'StatementKey',					'LOC_MODIFIER_TRAIT_AGENDA_LEADER_STELLARIS_GREY_SCIENCE_2_KEY'),
('MODIFIER_TRAIT_AGENDA_LEADER_STELLARIS_GREY_SCIENCE_2',			'HiddenAgenda',					'0');


INSERT INTO ModifierStrings
(ModifierId,													Context,	Text)   
VALUES
('MODIFIER_TRAIT_AGENDA_LEADER_STELLARIS_WITCH_6_DEVOURING',	'Sample',	'LOC_TOOLTIP_SAMPLE_DIPLOMACY_ALL'),
('MODIFIER_TRAIT_AGENDA_LEADER_STELLARIS_WITCH_6_ARMY',			'Sample',	'LOC_TOOLTIP_SAMPLE_DIPLOMACY_ALL'),
('MODIFIER_TRAIT_AGENDA_LEADER_STELLARIS_WITCH_6_ARMY_2',		'Sample',	'LOC_TOOLTIP_SAMPLE_DIPLOMACY_ALL'),
('MODIFIER_TRAIT_AGENDA_LEADER_STELLARIS_WITCH_6_NEIGHBORS',	'Sample',	'LOC_TOOLTIP_SAMPLE_DIPLOMACY_ALL'),
('MODIFIER_TRAIT_AGENDA_LEADER_STELLARIS_ELLIS_5_POPULATION',	'Sample',	'LOC_TOOLTIP_SAMPLE_DIPLOMACY_ALL'),
('MODIFIER_TRAIT_AGENDA_LEADER_STELLARIS_ELLIS_5_POPULATION_2',	'Sample',	'LOC_TOOLTIP_SAMPLE_DIPLOMACY_ALL'),
('MODIFIER_TRAIT_AGENDA_LEADER_STELLARIS_ZOEY_3_NEIGHBORS',		'Sample',	'LOC_TOOLTIP_SAMPLE_DIPLOMACY_ALL'),
('MODIFIER_TRAIT_AGENDA_LEADER_STELLARIS_GREY_SCIENCE',			'Sample',	'LOC_TOOLTIP_SAMPLE_DIPLOMACY_ALL'),
('MODIFIER_TRAIT_AGENDA_LEADER_STELLARIS_GREY_SCIENCE_2',		'Sample',	'LOC_TOOLTIP_SAMPLE_DIPLOMACY_ALL');


